[
    {
        "name": "Ashrafur",
        "email": "specialistrahul@gmail.com",
        "password": "jhdbdusyydsds",
        "dob": "2021-06-01",
        "gender": "Male"
    },
    {
        "name": "Rahul Hassan",
        "email": "nipumilan@gmail.com",
        "password": "djfhgdfuydffd",
        "dob": "2021-06-09",
        "gender": "Male"
    },
    {
        "name": "",
        "email": "",
        "password": "",
        "dob": ""
    },
    {
        "name": "",
        "email": "",
        "password": "",
        "dob": null
    }
]