[
    {
        "FirstName": "Anupom",
        "LastName": "Joy",
        "Username": "dhara743",
        "DOB": "2000-12-12",
        "Phone": "018376434343",
        "Email": "dhara@gmail.com",
        "Password": "djshdd687dHG",
        "Gender": "Female"
    },
    {
        "FirstName": "Cling",
        "LastName": "Ton",
        "Username": "momen123",
        "DOB": "2000-12-03",
        "Phone": "34839873434",
        "Email": "monejds@gmail.com",
        "Password": "kdjhdgUY674",
        "Gender": "Male"
    },
    {
        "FirstName": "Tazim",
        "LastName": "Alom",
        "Username": "chaity644",
        "DOB": "2000-12-05",
        "Phone": "01937349834",
        "Email": "chaitydhsye6@gmail.com",
        "Password": "duhfd784484HG78",
        "Gender": "Female"
    }
]